user_id,username,photo_id,post_url
5,Aniya_Hackett,NULL,NULL
7,Kasandra_Homenick,NULL,NULL
14,Jaclyn81,NULL,NULL
21,Rocio33,NULL,NULL
24,Maxwell.Halvorson,NULL,NULL
25,Tierra.Trantow,NULL,NULL
34,Pearl7,NULL,NULL
36,Ollie_Ledner37,NULL,NULL
41,Mckenna17,NULL,NULL
45,David.Osinski47,NULL,NULL
49,Morgan.Kassulke,NULL,NULL
53,Linnea59,NULL,NULL
54,Duane60,NULL,NULL
57,Julien_Schmidt,NULL,NULL
66,Mike.Auer39,NULL,NULL
68,Franco_Keebler64,NULL,NULL
71,Nia_Haag,NULL,NULL
74,Hulda.Macejkovic,NULL,NULL
75,Leslie67,NULL,NULL
76,Janelle.Nikolaus81,NULL,NULL
80,Darby_Herzog,NULL,NULL
81,Esther.Zulauf61,NULL,NULL
83,Bartholome.Bernhard,NULL,NULL
89,Jessyca_West,NULL,NULL
90,Esmeralda.Mraz57,NULL,NULL
91,Bethany20,NULL,NULL
